{
  "nodes": {
    "welcome_terminal_intro": {
      "x": 427.78123957929824,
      "y": -25.148158746229186
    },
    "welcome_terminal_news": {
      "x": 371.1803153472781,
      "y": 648.9055309715818
    },
    "welcome_terminal_logs": {
      "x": 804.9844218931577,
      "y": 734.7885284390372
    },
    "welcome_terminal_log_001": {
      "x": 1497.3278071685977,
      "y": 3.8906197896491364
    },
    "welcome_terminal_log_002": {
      "x": 1666.5697680183355,
      "y": 322.6327473706143
    },
    "welcome_terminal_log_003": {
      "x": 1617.9370206477213,
      "y": 621.3748749515795
    }
  },
  "edges": {}
}