{
  "nodes": {
    "krang_intro": {
      "x": -164.14912362116831,
      "y": -32.55850385874413
    },
    "krang_accepted": {
      "x": 281.66812790551,
      "y": -115.30274241746025
    },
    "krang_in_progress": {
      "x": 332.73077097609956,
      "y": 225.64299286034017
    }
  },
  "edges": {}
}