{
  "krang_intro": {
    "x": -164.14912362116831,
    "y": -32.55850385874413
  }
}