{
  "nodes": {
    "eddie_followup_missing": {
      "x": 719.2032262991951,
      "y": -83.29455130050621
    },
    "eddie_accepted": {
      "x": 798.0339734542233,
      "y": 63.71760546312515
    },
    "new_sequence": {
      "x": -92.36272834362016,
      "y": 563.569104535531
    }
  },
  "edges": {
    "eddie_accepted::0::0": {
      "shape": "straight",
      "dashed": false,
      "waypoints": [
        {
          "x": 796.4894071572791,
          "y": 483.2727918763248
        },
        {
          "x": 550.1189207825367,
          "y": 384.9452547063159
        },
        {
          "x": 387.8812586992961,
          "y": 518.2400923038932
        },
        {
          "x": 84.95374995614502,
          "y": 336.18206208511856
        }
      ]
    },
    "eddie_intro::0::0": {
      "shape": "straight",
      "dashed": false,
      "waypoints": []
    }
  }
}