{
  "nodes": {
    "cut_door_001_intro": {
      "x": -1.0000000000001705,
      "y": 570.1875000000005
    }
  },
  "edges": {}
}